EmployeeID,CertificationID,CertificationType,CertificationName,CertificationLevel
8,0,Null,Null,Null
10,0,Null,Null,Null
20,0,Null,Null,Null
33,0,Null,Null,Null
34,0,Null,Null,Null
36,0,Null,Null,Null
39,0,Null,Null,Null
44,0,Null,Null,Null
45,0,Null,Null,Null
76,0,Null,Null,Null
82,0,Null,Null,Null
87,0,Null,Null,Null
92,0,Null,Null,Null
98,0,Null,Null,Null
105,0,Null,Null,Null
107,0,Null,Null,Null
116,0,Null,Null,Null
117,0,Null,Null,Null
118,0,Null,Null,Null
131,0,Null,Null,Null
132,0,Null,Null,Null
140,0,Null,Null,Null
141,0,Null,Null,Null
156,0,Null,Null,Null
160,0,Null,Null,Null
162,0,Null,Null,Null
195,0,Null,Null,Null
196,0,Null,Null,Null
197,0,Null,Null,Null
205,0,Null,Null,Null
207,0,Null,Null,Null
218,0,Null,Null,Null
233,0,Null,Null,Null
262,0,Null,Null,Null
270,0,Null,Null,Null
287,0,Null,Null,Null
289,0,Null,Null,Null
295,0,Null,Null,Null
298,0,Null,Null,Null
1,1,Tool,Access Control / Key Control,Null
3,1,Tool,Access Control / Key Control,Null
4,1,Tool,Access Control / Key Control,Null
13,1,Tool,Access Control / Key Control,Null
24,1,Tool,Access Control / Key Control,Null
25,1,Tool,Access Control / Key Control,Null
26,1,Tool,Access Control / Key Control,Null
32,1,Tool,Access Control / Key Control,Null
42,1,Tool,Access Control / Key Control,Null
43,1,Tool,Access Control / Key Control,Null
46,1,Tool,Access Control / Key Control,Null
52,1,Tool,Access Control / Key Control,Null
53,1,Tool,Access Control / Key Control,Null
55,1,Tool,Access Control / Key Control,Null
58,1,Tool,Access Control / Key Control,Null
63,1,Tool,Access Control / Key Control,Null
67,1,Tool,Access Control / Key Control,Null
73,1,Tool,Access Control / Key Control,Null
74,1,Tool,Access Control / Key Control,Null
75,1,Tool,Access Control / Key Control,Null
78,1,Tool,Access Control / Key Control,Null
84,1,Tool,Access Control / Key Control,Null
85,1,Tool,Access Control / Key Control,Null
86,1,Tool,Access Control / Key Control,Null
88,1,Tool,Access Control / Key Control,Null
93,1,Tool,Access Control / Key Control,Null
95,1,Tool,Access Control / Key Control,Null
103,1,Tool,Access Control / Key Control,Null
104,1,Tool,Access Control / Key Control,Null
106,1,Tool,Access Control / Key Control,Null
108,1,Tool,Access Control / Key Control,Null
110,1,Tool,Access Control / Key Control,Null
113,1,Tool,Access Control / Key Control,Null
115,1,Tool,Access Control / Key Control,Null
123,1,Tool,Access Control / Key Control,Null
125,1,Tool,Access Control / Key Control,Null
128,1,Tool,Access Control / Key Control,Null
130,1,Tool,Access Control / Key Control,Null
133,1,Tool,Access Control / Key Control,Null
134,1,Tool,Access Control / Key Control,Null
144,1,Tool,Access Control / Key Control,Null
145,1,Tool,Access Control / Key Control,Null
153,1,Tool,Access Control / Key Control,Null
155,1,Tool,Access Control / Key Control,Null
157,1,Tool,Access Control / Key Control,Null
163,1,Tool,Access Control / Key Control,Null
164,1,Tool,Access Control / Key Control,Null
166,1,Tool,Access Control / Key Control,Null
167,1,Tool,Access Control / Key Control,Null
174,1,Tool,Access Control / Key Control,Null
175,1,Tool,Access Control / Key Control,Null
177,1,Tool,Access Control / Key Control,Null
178,1,Tool,Access Control / Key Control,Null
179,1,Tool,Access Control / Key Control,Null
180,1,Tool,Access Control / Key Control,Null
185,1,Tool,Access Control / Key Control,Null
202,1,Tool,Access Control / Key Control,Null
204,1,Tool,Access Control / Key Control,Null
211,1,Tool,Access Control / Key Control,Null
212,1,Tool,Access Control / Key Control,Null
213,1,Tool,Access Control / Key Control,Null
214,1,Tool,Access Control / Key Control,Null
216,1,Tool,Access Control / Key Control,Null
228,1,Tool,Access Control / Key Control,Null
230,1,Tool,Access Control / Key Control,Null
234,1,Tool,Access Control / Key Control,Null
237,1,Tool,Access Control / Key Control,Null
238,1,Tool,Access Control / Key Control,Null
242,1,Tool,Access Control / Key Control,Null
247,1,Tool,Access Control / Key Control,Null
248,1,Tool,Access Control / Key Control,Null
249,1,Tool,Access Control / Key Control,Null
250,1,Tool,Access Control / Key Control,Null
253,1,Tool,Access Control / Key Control,Null
254,1,Tool,Access Control / Key Control,Null
256,1,Tool,Access Control / Key Control,Null
261,1,Tool,Access Control / Key Control,Null
265,1,Tool,Access Control / Key Control,Null
268,1,Tool,Access Control / Key Control,Null
269,1,Tool,Access Control / Key Control,Null
271,1,Tool,Access Control / Key Control,Null
273,1,Tool,Access Control / Key Control,Null
275,1,Tool,Access Control / Key Control,Null
278,1,Tool,Access Control / Key Control,Null
279,1,Tool,Access Control / Key Control,Null
281,1,Tool,Access Control / Key Control,Null
282,1,Tool,Access Control / Key Control,Null
3,2,Tool,Basic Hand Tool Safety,Null
4,2,Tool,Basic Hand Tool Safety,Null
5,2,Tool,Basic Hand Tool Safety,Null
6,2,Tool,Basic Hand Tool Safety,Null
9,2,Tool,Basic Hand Tool Safety,Null
11,2,Tool,Basic Hand Tool Safety,Null
13,2,Tool,Basic Hand Tool Safety,Null
14,2,Tool,Basic Hand Tool Safety,Null
15,2,Tool,Basic Hand Tool Safety,Null
16,2,Tool,Basic Hand Tool Safety,Null
17,2,Tool,Basic Hand Tool Safety,Null
21,2,Tool,Basic Hand Tool Safety,Null
24,2,Tool,Basic Hand Tool Safety,Null
25,2,Tool,Basic Hand Tool Safety,Null
26,2,Tool,Basic Hand Tool Safety,Null
27,2,Tool,Basic Hand Tool Safety,Null
28,2,Tool,Basic Hand Tool Safety,Null
29,2,Tool,Basic Hand Tool Safety,Null
30,2,Tool,Basic Hand Tool Safety,Null
32,2,Tool,Basic Hand Tool Safety,Null
37,2,Tool,Basic Hand Tool Safety,Null
38,2,Tool,Basic Hand Tool Safety,Null
42,2,Tool,Basic Hand Tool Safety,Null
43,2,Tool,Basic Hand Tool Safety,Null
46,2,Tool,Basic Hand Tool Safety,Null
49,2,Tool,Basic Hand Tool Safety,Null
50,2,Tool,Basic Hand Tool Safety,Null
52,2,Tool,Basic Hand Tool Safety,Null
53,2,Tool,Basic Hand Tool Safety,Null
54,2,Tool,Basic Hand Tool Safety,Null
55,2,Tool,Basic Hand Tool Safety,Null
57,2,Tool,Basic Hand Tool Safety,Null
58,2,Tool,Basic Hand Tool Safety,Null
59,2,Tool,Basic Hand Tool Safety,Null
60,2,Tool,Basic Hand Tool Safety,Null
61,2,Tool,Basic Hand Tool Safety,Null
63,2,Tool,Basic Hand Tool Safety,Null
66,2,Tool,Basic Hand Tool Safety,Null
69,2,Tool,Basic Hand Tool Safety,Null
71,2,Tool,Basic Hand Tool Safety,Null
74,2,Tool,Basic Hand Tool Safety,Null
75,2,Tool,Basic Hand Tool Safety,Null
78,2,Tool,Basic Hand Tool Safety,Null
79,2,Tool,Basic Hand Tool Safety,Null
80,2,Tool,Basic Hand Tool Safety,Null
81,2,Tool,Basic Hand Tool Safety,Null
83,2,Tool,Basic Hand Tool Safety,Null
84,2,Tool,Basic Hand Tool Safety,Null
85,2,Tool,Basic Hand Tool Safety,Null
86,2,Tool,Basic Hand Tool Safety,Null
88,2,Tool,Basic Hand Tool Safety,Null
89,2,Tool,Basic Hand Tool Safety,Null
90,2,Tool,Basic Hand Tool Safety,Null
91,2,Tool,Basic Hand Tool Safety,Null
93,2,Tool,Basic Hand Tool Safety,Null
94,2,Tool,Basic Hand Tool Safety,Null
95,2,Tool,Basic Hand Tool Safety,Null
96,2,Tool,Basic Hand Tool Safety,Null
97,2,Tool,Basic Hand Tool Safety,Null
100,2,Tool,Basic Hand Tool Safety,Null
101,2,Tool,Basic Hand Tool Safety,Null
102,2,Tool,Basic Hand Tool Safety,Null
103,2,Tool,Basic Hand Tool Safety,Null
104,2,Tool,Basic Hand Tool Safety,Null
106,2,Tool,Basic Hand Tool Safety,Null
108,2,Tool,Basic Hand Tool Safety,Null
109,2,Tool,Basic Hand Tool Safety,Null
110,2,Tool,Basic Hand Tool Safety,Null
111,2,Tool,Basic Hand Tool Safety,Null
112,2,Tool,Basic Hand Tool Safety,Null
113,2,Tool,Basic Hand Tool Safety,Null
120,2,Tool,Basic Hand Tool Safety,Null
121,2,Tool,Basic Hand Tool Safety,Null
122,2,Tool,Basic Hand Tool Safety,Null
123,2,Tool,Basic Hand Tool Safety,Null
124,2,Tool,Basic Hand Tool Safety,Null
125,2,Tool,Basic Hand Tool Safety,Null
126,2,Tool,Basic Hand Tool Safety,Null
127,2,Tool,Basic Hand Tool Safety,Null
128,2,Tool,Basic Hand Tool Safety,Null
129,2,Tool,Basic Hand Tool Safety,Null
130,2,Tool,Basic Hand Tool Safety,Null
133,2,Tool,Basic Hand Tool Safety,Null
134,2,Tool,Basic Hand Tool Safety,Null
136,2,Tool,Basic Hand Tool Safety,Null
137,2,Tool,Basic Hand Tool Safety,Null
138,2,Tool,Basic Hand Tool Safety,Null
139,2,Tool,Basic Hand Tool Safety,Null
144,2,Tool,Basic Hand Tool Safety,Null
145,2,Tool,Basic Hand Tool Safety,Null
147,2,Tool,Basic Hand Tool Safety,Null
148,2,Tool,Basic Hand Tool Safety,Null
150,2,Tool,Basic Hand Tool Safety,Null
151,2,Tool,Basic Hand Tool Safety,Null
152,2,Tool,Basic Hand Tool Safety,Null
153,2,Tool,Basic Hand Tool Safety,Null
155,2,Tool,Basic Hand Tool Safety,Null
157,2,Tool,Basic Hand Tool Safety,Null
158,2,Tool,Basic Hand Tool Safety,Null
159,2,Tool,Basic Hand Tool Safety,Null
161,2,Tool,Basic Hand Tool Safety,Null
163,2,Tool,Basic Hand Tool Safety,Null
164,2,Tool,Basic Hand Tool Safety,Null
166,2,Tool,Basic Hand Tool Safety,Null
167,2,Tool,Basic Hand Tool Safety,Null
169,2,Tool,Basic Hand Tool Safety,Null
171,2,Tool,Basic Hand Tool Safety,Null
174,2,Tool,Basic Hand Tool Safety,Null
175,2,Tool,Basic Hand Tool Safety,Null
177,2,Tool,Basic Hand Tool Safety,Null
178,2,Tool,Basic Hand Tool Safety,Null
179,2,Tool,Basic Hand Tool Safety,Null
182,2,Tool,Basic Hand Tool Safety,Null
183,2,Tool,Basic Hand Tool Safety,Null
185,2,Tool,Basic Hand Tool Safety,Null
186,2,Tool,Basic Hand Tool Safety,Null
189,2,Tool,Basic Hand Tool Safety,Null
190,2,Tool,Basic Hand Tool Safety,Null
191,2,Tool,Basic Hand Tool Safety,Null
192,2,Tool,Basic Hand Tool Safety,Null
193,2,Tool,Basic Hand Tool Safety,Null
194,2,Tool,Basic Hand Tool Safety,Null
198,2,Tool,Basic Hand Tool Safety,Null
200,2,Tool,Basic Hand Tool Safety,Null
201,2,Tool,Basic Hand Tool Safety,Null
202,2,Tool,Basic Hand Tool Safety,Null
203,2,Tool,Basic Hand Tool Safety,Null
204,2,Tool,Basic Hand Tool Safety,Null
206,2,Tool,Basic Hand Tool Safety,Null
209,2,Tool,Basic Hand Tool Safety,Null
210,2,Tool,Basic Hand Tool Safety,Null
211,2,Tool,Basic Hand Tool Safety,Null
212,2,Tool,Basic Hand Tool Safety,Null
213,2,Tool,Basic Hand Tool Safety,Null
214,2,Tool,Basic Hand Tool Safety,Null
217,2,Tool,Basic Hand Tool Safety,Null
219,2,Tool,Basic Hand Tool Safety,Null
220,2,Tool,Basic Hand Tool Safety,Null
227,2,Tool,Basic Hand Tool Safety,Null
228,2,Tool,Basic Hand Tool Safety,Null
229,2,Tool,Basic Hand Tool Safety,Null
230,2,Tool,Basic Hand Tool Safety,Null
234,2,Tool,Basic Hand Tool Safety,Null
235,2,Tool,Basic Hand Tool Safety,Null
236,2,Tool,Basic Hand Tool Safety,Null
238,2,Tool,Basic Hand Tool Safety,Null
239,2,Tool,Basic Hand Tool Safety,Null
240,2,Tool,Basic Hand Tool Safety,Null
242,2,Tool,Basic Hand Tool Safety,Null
243,2,Tool,Basic Hand Tool Safety,Null
245,2,Tool,Basic Hand Tool Safety,Null
246,2,Tool,Basic Hand Tool Safety,Null
247,2,Tool,Basic Hand Tool Safety,Null
249,2,Tool,Basic Hand Tool Safety,Null
251,2,Tool,Basic Hand Tool Safety,Null
252,2,Tool,Basic Hand Tool Safety,Null
253,2,Tool,Basic Hand Tool Safety,Null
256,2,Tool,Basic Hand Tool Safety,Null
258,2,Tool,Basic Hand Tool Safety,Null
259,2,Tool,Basic Hand Tool Safety,Null
261,2,Tool,Basic Hand Tool Safety,Null
263,2,Tool,Basic Hand Tool Safety,Null
264,2,Tool,Basic Hand Tool Safety,Null
265,2,Tool,Basic Hand Tool Safety,Null
268,2,Tool,Basic Hand Tool Safety,Null
269,2,Tool,Basic Hand Tool Safety,Null
271,2,Tool,Basic Hand Tool Safety,Null
272,2,Tool,Basic Hand Tool Safety,Null
273,2,Tool,Basic Hand Tool Safety,Null
275,2,Tool,Basic Hand Tool Safety,Null
276,2,Tool,Basic Hand Tool Safety,Null
278,2,Tool,Basic Hand Tool Safety,Null
279,2,Tool,Basic Hand Tool Safety,Null
280,2,Tool,Basic Hand Tool Safety,Null
282,2,Tool,Basic Hand Tool Safety,Null
283,2,Tool,Basic Hand Tool Safety,Null
284,2,Tool,Basic Hand Tool Safety,Null
285,2,Tool,Basic Hand Tool Safety,Null
286,2,Tool,Basic Hand Tool Safety,Null
290,2,Tool,Basic Hand Tool Safety,Null
292,2,Tool,Basic Hand Tool Safety,Null
294,2,Tool,Basic Hand Tool Safety,Null
297,2,Tool,Basic Hand Tool Safety,Null
299,2,Tool,Basic Hand Tool Safety,Null
300,2,Tool,Basic Hand Tool Safety,Null
1,3,Tool,Basic Tester Operation,Null
3,3,Tool,Basic Tester Operation,Null
4,3,Tool,Basic Tester Operation,Null
9,3,Tool,Basic Tester Operation,Null
13,3,Tool,Basic Tester Operation,Null
17,3,Tool,Basic Tester Operation,Null
25,3,Tool,Basic Tester Operation,Null
26,3,Tool,Basic Tester Operation,Null
27,3,Tool,Basic Tester Operation,Null
29,3,Tool,Basic Tester Operation,Null
32,3,Tool,Basic Tester Operation,Null
37,3,Tool,Basic Tester Operation,Null
42,3,Tool,Basic Tester Operation,Null
43,3,Tool,Basic Tester Operation,Null
46,3,Tool,Basic Tester Operation,Null
49,3,Tool,Basic Tester Operation,Null
50,3,Tool,Basic Tester Operation,Null
52,3,Tool,Basic Tester Operation,Null
57,3,Tool,Basic Tester Operation,Null
74,3,Tool,Basic Tester Operation,Null
84,3,Tool,Basic Tester Operation,Null
85,3,Tool,Basic Tester Operation,Null
86,3,Tool,Basic Tester Operation,Null
88,3,Tool,Basic Tester Operation,Null
95,3,Tool,Basic Tester Operation,Null
100,3,Tool,Basic Tester Operation,Null
104,3,Tool,Basic Tester Operation,Null
108,3,Tool,Basic Tester Operation,Null
110,3,Tool,Basic Tester Operation,Null
113,3,Tool,Basic Tester Operation,Null
120,3,Tool,Basic Tester Operation,Null
122,3,Tool,Basic Tester Operation,Null
123,3,Tool,Basic Tester Operation,Null
125,3,Tool,Basic Tester Operation,Null
128,3,Tool,Basic Tester Operation,Null
130,3,Tool,Basic Tester Operation,Null
133,3,Tool,Basic Tester Operation,Null
134,3,Tool,Basic Tester Operation,Null
139,3,Tool,Basic Tester Operation,Null
144,3,Tool,Basic Tester Operation,Null
145,3,Tool,Basic Tester Operation,Null
150,3,Tool,Basic Tester Operation,Null
161,3,Tool,Basic Tester Operation,Null
163,3,Tool,Basic Tester Operation,Null
164,3,Tool,Basic Tester Operation,Null
166,3,Tool,Basic Tester Operation,Null
167,3,Tool,Basic Tester Operation,Null
175,3,Tool,Basic Tester Operation,Null
178,3,Tool,Basic Tester Operation,Null
182,3,Tool,Basic Tester Operation,Null
185,3,Tool,Basic Tester Operation,Null
202,3,Tool,Basic Tester Operation,Null
204,3,Tool,Basic Tester Operation,Null
212,3,Tool,Basic Tester Operation,Null
213,3,Tool,Basic Tester Operation,Null
214,3,Tool,Basic Tester Operation,Null
220,3,Tool,Basic Tester Operation,Null
228,3,Tool,Basic Tester Operation,Null
234,3,Tool,Basic Tester Operation,Null
238,3,Tool,Basic Tester Operation,Null
239,3,Tool,Basic Tester Operation,Null
242,3,Tool,Basic Tester Operation,Null
243,3,Tool,Basic Tester Operation,Null
249,3,Tool,Basic Tester Operation,Null
252,3,Tool,Basic Tester Operation,Null
265,3,Tool,Basic Tester Operation,Null
268,3,Tool,Basic Tester Operation,Null
273,3,Tool,Basic Tester Operation,Null
275,3,Tool,Basic Tester Operation,Null
278,3,Tool,Basic Tester Operation,Null
281,3,Tool,Basic Tester Operation,Null
282,3,Tool,Basic Tester Operation,Null
294,3,Tool,Basic Tester Operation,Null
11,4,Tool,Basic Welding Safety,Null
13,4,Tool,Basic Welding Safety,Null
29,4,Tool,Basic Welding Safety,Null
32,4,Tool,Basic Welding Safety,Null
74,4,Tool,Basic Welding Safety,Null
94,4,Tool,Basic Welding Safety,Null
110,4,Tool,Basic Welding Safety,Null
113,4,Tool,Basic Welding Safety,Null
123,4,Tool,Basic Welding Safety,Null
126,4,Tool,Basic Welding Safety,Null
130,4,Tool,Basic Welding Safety,Null
139,4,Tool,Basic Welding Safety,Null
167,4,Tool,Basic Welding Safety,Null
169,4,Tool,Basic Welding Safety,Null
182,4,Tool,Basic Welding Safety,Null
193,4,Tool,Basic Welding Safety,Null
204,4,Tool,Basic Welding Safety,Null
228,4,Tool,Basic Welding Safety,Null
229,4,Tool,Basic Welding Safety,Null
239,4,Tool,Basic Welding Safety,Null
242,4,Tool,Basic Welding Safety,Null
263,4,Tool,Basic Welding Safety,Null
265,4,Tool,Basic Welding Safety,Null
268,4,Tool,Basic Welding Safety,Null
273,4,Tool,Basic Welding Safety,Null
278,4,Tool,Basic Welding Safety,Null
282,4,Tool,Basic Welding Safety,Null
284,4,Tool,Basic Welding Safety,Null
290,4,Tool,Basic Welding Safety,Null
1,5,Tool,Digital Tool Operation,Null
3,5,Tool,Digital Tool Operation,Null
4,5,Tool,Digital Tool Operation,Null
9,5,Tool,Digital Tool Operation,Null
13,5,Tool,Digital Tool Operation,Null
24,5,Tool,Digital Tool Operation,Null
25,5,Tool,Digital Tool Operation,Null
26,5,Tool,Digital Tool Operation,Null
27,5,Tool,Digital Tool Operation,Null
29,5,Tool,Digital Tool Operation,Null
32,5,Tool,Digital Tool Operation,Null
37,5,Tool,Digital Tool Operation,Null
42,5,Tool,Digital Tool Operation,Null
43,5,Tool,Digital Tool Operation,Null
46,5,Tool,Digital Tool Operation,Null
49,5,Tool,Digital Tool Operation,Null
50,5,Tool,Digital Tool Operation,Null
52,5,Tool,Digital Tool Operation,Null
57,5,Tool,Digital Tool Operation,Null
58,5,Tool,Digital Tool Operation,Null
74,5,Tool,Digital Tool Operation,Null
75,5,Tool,Digital Tool Operation,Null
84,5,Tool,Digital Tool Operation,Null
85,5,Tool,Digital Tool Operation,Null
86,5,Tool,Digital Tool Operation,Null
88,5,Tool,Digital Tool Operation,Null
95,5,Tool,Digital Tool Operation,Null
100,5,Tool,Digital Tool Operation,Null
103,5,Tool,Digital Tool Operation,Null
104,5,Tool,Digital Tool Operation,Null
108,5,Tool,Digital Tool Operation,Null
110,5,Tool,Digital Tool Operation,Null
113,5,Tool,Digital Tool Operation,Null
120,5,Tool,Digital Tool Operation,Null
122,5,Tool,Digital Tool Operation,Null
123,5,Tool,Digital Tool Operation,Null
125,5,Tool,Digital Tool Operation,Null
128,5,Tool,Digital Tool Operation,Null
130,5,Tool,Digital Tool Operation,Null
133,5,Tool,Digital Tool Operation,Null
134,5,Tool,Digital Tool Operation,Null
139,5,Tool,Digital Tool Operation,Null
144,5,Tool,Digital Tool Operation,Null
145,5,Tool,Digital Tool Operation,Null
150,5,Tool,Digital Tool Operation,Null
157,5,Tool,Digital Tool Operation,Null
161,5,Tool,Digital Tool Operation,Null
163,5,Tool,Digital Tool Operation,Null
164,5,Tool,Digital Tool Operation,Null
166,5,Tool,Digital Tool Operation,Null
167,5,Tool,Digital Tool Operation,Null
174,5,Tool,Digital Tool Operation,Null
175,5,Tool,Digital Tool Operation,Null
177,5,Tool,Digital Tool Operation,Null
178,5,Tool,Digital Tool Operation,Null
179,5,Tool,Digital Tool Operation,Null
182,5,Tool,Digital Tool Operation,Null
185,5,Tool,Digital Tool Operation,Null
202,5,Tool,Digital Tool Operation,Null
204,5,Tool,Digital Tool Operation,Null
212,5,Tool,Digital Tool Operation,Null
213,5,Tool,Digital Tool Operation,Null
214,5,Tool,Digital Tool Operation,Null
220,5,Tool,Digital Tool Operation,Null
228,5,Tool,Digital Tool Operation,Null
234,5,Tool,Digital Tool Operation,Null
238,5,Tool,Digital Tool Operation,Null
239,5,Tool,Digital Tool Operation,Null
242,5,Tool,Digital Tool Operation,Null
243,5,Tool,Digital Tool Operation,Null
249,5,Tool,Digital Tool Operation,Null
256,5,Tool,Digital Tool Operation,Null
265,5,Tool,Digital Tool Operation,Null
268,5,Tool,Digital Tool Operation,Null
271,5,Tool,Digital Tool Operation,Null
273,5,Tool,Digital Tool Operation,Null
275,5,Tool,Digital Tool Operation,Null
278,5,Tool,Digital Tool Operation,Null
279,5,Tool,Digital Tool Operation,Null
281,5,Tool,Digital Tool Operation,Null
282,5,Tool,Digital Tool Operation,Null
294,5,Tool,Digital Tool Operation,Null
3,6,Tool,Fall Prevention,Null
6,6,Tool,Fall Prevention,Null
9,6,Tool,Fall Prevention,Null
13,6,Tool,Fall Prevention,Null
16,6,Tool,Fall Prevention,Null
29,6,Tool,Fall Prevention,Null
32,6,Tool,Fall Prevention,Null
37,6,Tool,Fall Prevention,Null
38,6,Tool,Fall Prevention,Null
43,6,Tool,Fall Prevention,Null
46,6,Tool,Fall Prevention,Null
49,6,Tool,Fall Prevention,Null
50,6,Tool,Fall Prevention,Null
52,6,Tool,Fall Prevention,Null
53,6,Tool,Fall Prevention,Null
54,6,Tool,Fall Prevention,Null
55,6,Tool,Fall Prevention,Null
57,6,Tool,Fall Prevention,Null
63,6,Tool,Fall Prevention,Null
66,6,Tool,Fall Prevention,Null
70,6,Tool,Fall Prevention,Null
74,6,Tool,Fall Prevention,Null
78,6,Tool,Fall Prevention,Null
79,6,Tool,Fall Prevention,Null
80,6,Tool,Fall Prevention,Null
84,6,Tool,Fall Prevention,Null
85,6,Tool,Fall Prevention,Null
91,6,Tool,Fall Prevention,Null
93,6,Tool,Fall Prevention,Null
101,6,Tool,Fall Prevention,Null
106,6,Tool,Fall Prevention,Null
110,6,Tool,Fall Prevention,Null
113,6,Tool,Fall Prevention,Null
120,6,Tool,Fall Prevention,Null
122,6,Tool,Fall Prevention,Null
123,6,Tool,Fall Prevention,Null
129,6,Tool,Fall Prevention,Null
130,6,Tool,Fall Prevention,Null
134,6,Tool,Fall Prevention,Null
139,6,Tool,Fall Prevention,Null
144,6,Tool,Fall Prevention,Null
145,6,Tool,Fall Prevention,Null
147,6,Tool,Fall Prevention,Null
147,6,Tool,Fall Prevention,Null
150,6,Tool,Fall Prevention,Null
151,6,Tool,Fall Prevention,Null
153,6,Tool,Fall Prevention,Null
155,6,Tool,Fall Prevention,Null
158,6,Tool,Fall Prevention,Null
161,6,Tool,Fall Prevention,Null
167,6,Tool,Fall Prevention,Null
175,6,Tool,Fall Prevention,Null
181,6,Tool,Fall Prevention,Null
182,6,Tool,Fall Prevention,Null
189,6,Tool,Fall Prevention,Null
190,6,Tool,Fall Prevention,Null
191,6,Tool,Fall Prevention,Null
202,6,Tool,Fall Prevention,Null
204,6,Tool,Fall Prevention,Null
206,6,Tool,Fall Prevention,Null
210,6,Tool,Fall Prevention,Null
211,6,Tool,Fall Prevention,Null
212,6,Tool,Fall Prevention,Null
219,6,Tool,Fall Prevention,Null
220,6,Tool,Fall Prevention,Null
228,6,Tool,Fall Prevention,Null
230,6,Tool,Fall Prevention,Null
234,6,Tool,Fall Prevention,Null
236,6,Tool,Fall Prevention,Null
239,6,Tool,Fall Prevention,Null
240,6,Tool,Fall Prevention,Null
242,6,Tool,Fall Prevention,Null
245,6,Tool,Fall Prevention,Null
247,6,Tool,Fall Prevention,Null
249,6,Tool,Fall Prevention,Null
253,6,Tool,Fall Prevention,Null
258,6,Tool,Fall Prevention,Null
259,6,Tool,Fall Prevention,Null
261,6,Tool,Fall Prevention,Null
265,6,Tool,Fall Prevention,Null
268,6,Tool,Fall Prevention,Null
269,6,Tool,Fall Prevention,Null
273,6,Tool,Fall Prevention,Null
276,6,Tool,Fall Prevention,Null
278,6,Tool,Fall Prevention,Null
282,6,Tool,Fall Prevention,Null
292,6,Tool,Fall Prevention,Null
297,6,Tool,Fall Prevention,Null
3,7,Tool,Fire Safety,Null
9,7,Tool,Fire Safety,Null
11,7,Tool,Fire Safety,Null
13,7,Tool,Fire Safety,Null
29,7,Tool,Fire Safety,Null
30,7,Tool,Fire Safety,Null
32,7,Tool,Fire Safety,Null
37,7,Tool,Fire Safety,Null
43,7,Tool,Fire Safety,Null
46,7,Tool,Fire Safety,Null
49,7,Tool,Fire Safety,Null
50,7,Tool,Fire Safety,Null
52,7,Tool,Fire Safety,Null
53,7,Tool,Fire Safety,Null
55,7,Tool,Fire Safety,Null
57,7,Tool,Fire Safety,Null
63,7,Tool,Fire Safety,Null
74,7,Tool,Fire Safety,Null
78,7,Tool,Fire Safety,Null
79,7,Tool,Fire Safety,Null
83,7,Tool,Fire Safety,Null
84,7,Tool,Fire Safety,Null
85,7,Tool,Fire Safety,Null
88,7,Tool,Fire Safety,Null
93,7,Tool,Fire Safety,Null
94,7,Tool,Fire Safety,Null
95,7,Tool,Fire Safety,Null
100,7,Tool,Fire Safety,Null
106,7,Tool,Fire Safety,Null
110,7,Tool,Fire Safety,Null
113,7,Tool,Fire Safety,Null
120,7,Tool,Fire Safety,Null
121,7,Tool,Fire Safety,Null
122,7,Tool,Fire Safety,Null
123,7,Tool,Fire Safety,Null
125,7,Tool,Fire Safety,Null
126,7,Tool,Fire Safety,Null
127,7,Tool,Fire Safety,Null
130,7,Tool,Fire Safety,Null
133,7,Tool,Fire Safety,Null
134,7,Tool,Fire Safety,Null
138,7,Tool,Fire Safety,Null
139,7,Tool,Fire Safety,Null
144,7,Tool,Fire Safety,Null
145,7,Tool,Fire Safety,Null
150,7,Tool,Fire Safety,Null
153,7,Tool,Fire Safety,Null
155,7,Tool,Fire Safety,Null
161,7,Tool,Fire Safety,Null
164,7,Tool,Fire Safety,Null
167,7,Tool,Fire Safety,Null
169,7,Tool,Fire Safety,Null
175,7,Tool,Fire Safety,Null
182,7,Tool,Fire Safety,Null
185,7,Tool,Fire Safety,Null
193,7,Tool,Fire Safety,Null
202,7,Tool,Fire Safety,Null
204,7,Tool,Fire Safety,Null
211,7,Tool,Fire Safety,Null
212,7,Tool,Fire Safety,Null
214,7,Tool,Fire Safety,Null
219,7,Tool,Fire Safety,Null
220,7,Tool,Fire Safety,Null
227,7,Tool,Fire Safety,Null
228,7,Tool,Fire Safety,Null
229,7,Tool,Fire Safety,Null
230,7,Tool,Fire Safety,Null
234,7,Tool,Fire Safety,Null
239,7,Tool,Fire Safety,Null
242,7,Tool,Fire Safety,Null
247,7,Tool,Fire Safety,Null
249,7,Tool,Fire Safety,Null
251,7,Tool,Fire Safety,Null
253,7,Tool,Fire Safety,Null
261,7,Tool,Fire Safety,Null
263,7,Tool,Fire Safety,Null
265,7,Tool,Fire Safety,Null
268,7,Tool,Fire Safety,Null
269,7,Tool,Fire Safety,Null
273,7,Tool,Fire Safety,Null
278,7,Tool,Fire Safety,Null
282,7,Tool,Fire Safety,Null
283,7,Tool,Fire Safety,Null
284,7,Tool,Fire Safety,Null
285,7,Tool,Fire Safety,Null
290,7,Tool,Fire Safety,Null
294,7,Tool,Fire Safety,Null
4,8,Tool,HAZMat Hadling Certificate,Null
9,8,Tool,HAZMat Hadling Certificate,Null
11,8,Tool,HAZMat Hadling Certificate,Null
13,8,Tool,HAZMat Hadling Certificate,Null
26,8,Tool,HAZMat Hadling Certificate,Null
27,8,Tool,HAZMat Hadling Certificate,Null
30,8,Tool,HAZMat Hadling Certificate,Null
32,8,Tool,HAZMat Hadling Certificate,Null
42,8,Tool,HAZMat Hadling Certificate,Null
43,8,Tool,HAZMat Hadling Certificate,Null
49,8,Tool,HAZMat Hadling Certificate,Null
52,8,Tool,HAZMat Hadling Certificate,Null
53,8,Tool,HAZMat Hadling Certificate,Null
54,8,Tool,HAZMat Hadling Certificate,Null
55,8,Tool,HAZMat Hadling Certificate,Null
57,8,Tool,HAZMat Hadling Certificate,Null
63,8,Tool,HAZMat Hadling Certificate,Null
69,8,Tool,HAZMat Hadling Certificate,Null
78,8,Tool,HAZMat Hadling Certificate,Null
79,8,Tool,HAZMat Hadling Certificate,Null
80,8,Tool,HAZMat Hadling Certificate,Null
83,8,Tool,HAZMat Hadling Certificate,Null
85,8,Tool,HAZMat Hadling Certificate,Null
86,8,Tool,HAZMat Hadling Certificate,Null
88,8,Tool,HAZMat Hadling Certificate,Null
91,8,Tool,HAZMat Hadling Certificate,Null
93,8,Tool,HAZMat Hadling Certificate,Null
94,8,Tool,HAZMat Hadling Certificate,Null
95,8,Tool,HAZMat Hadling Certificate,Null
100,8,Tool,HAZMat Hadling Certificate,Null
104,8,Tool,HAZMat Hadling Certificate,Null
106,8,Tool,HAZMat Hadling Certificate,Null
112,8,Tool,HAZMat Hadling Certificate,Null
120,8,Tool,HAZMat Hadling Certificate,Null
121,8,Tool,HAZMat Hadling Certificate,Null
122,8,Tool,HAZMat Hadling Certificate,Null
123,8,Tool,HAZMat Hadling Certificate,Null
125,8,Tool,HAZMat Hadling Certificate,Null
126,8,Tool,HAZMat Hadling Certificate,Null
127,8,Tool,HAZMat Hadling Certificate,Null
128,8,Tool,HAZMat Hadling Certificate,Null
129,8,Tool,HAZMat Hadling Certificate,Null
133,8,Tool,HAZMat Hadling Certificate,Null
134,8,Tool,HAZMat Hadling Certificate,Null
138,8,Tool,HAZMat Hadling Certificate,Null
139,8,Tool,HAZMat Hadling Certificate,Null
152,8,Tool,HAZMat Hadling Certificate,Null
153,8,Tool,HAZMat Hadling Certificate,Null
155,8,Tool,HAZMat Hadling Certificate,Null
158,8,Tool,HAZMat Hadling Certificate,Null
164,8,Tool,HAZMat Hadling Certificate,Null
169,8,Tool,HAZMat Hadling Certificate,Null
175,8,Tool,HAZMat Hadling Certificate,Null
185,8,Tool,HAZMat Hadling Certificate,Null
189,8,Tool,HAZMat Hadling Certificate,Null
193,8,Tool,HAZMat Hadling Certificate,Null
202,8,Tool,HAZMat Hadling Certificate,Null
211,8,Tool,HAZMat Hadling Certificate,Null
214,8,Tool,HAZMat Hadling Certificate,Null
219,8,Tool,HAZMat Hadling Certificate,Null
220,8,Tool,HAZMat Hadling Certificate,Null
227,8,Tool,HAZMat Hadling Certificate,Null
228,8,Tool,HAZMat Hadling Certificate,Null
229,8,Tool,HAZMat Hadling Certificate,Null
230,8,Tool,HAZMat Hadling Certificate,Null
234,8,Tool,HAZMat Hadling Certificate,Null
238,8,Tool,HAZMat Hadling Certificate,Null
239,8,Tool,HAZMat Hadling Certificate,Null
240,8,Tool,HAZMat Hadling Certificate,Null
242,8,Tool,HAZMat Hadling Certificate,Null
243,8,Tool,HAZMat Hadling Certificate,Null
247,8,Tool,HAZMat Hadling Certificate,Null
251,8,Tool,HAZMat Hadling Certificate,Null
253,8,Tool,HAZMat Hadling Certificate,Null
258,8,Tool,HAZMat Hadling Certificate,Null
259,8,Tool,HAZMat Hadling Certificate,Null
261,8,Tool,HAZMat Hadling Certificate,Null
263,8,Tool,HAZMat Hadling Certificate,Null
265,8,Tool,HAZMat Hadling Certificate,Null
268,8,Tool,HAZMat Hadling Certificate,Null
269,8,Tool,HAZMat Hadling Certificate,Null
272,8,Tool,HAZMat Hadling Certificate,Null
276,8,Tool,HAZMat Hadling Certificate,Null
283,8,Tool,HAZMat Hadling Certificate,Null
284,8,Tool,HAZMat Hadling Certificate,Null
285,8,Tool,HAZMat Hadling Certificate,Null
290,8,Tool,HAZMat Hadling Certificate,Null
294,8,Tool,HAZMat Hadling Certificate,Null
297,8,Tool,HAZMat Hadling Certificate,Null
3,9,Tool,Knife Safety,Null
4,9,Tool,Knife Safety,Null
5,9,Tool,Knife Safety,Null
6,9,Tool,Knife Safety,Null
7,9,Tool,Knife Safety,Null
9,9,Tool,Knife Safety,Null
12,9,Tool,Knife Safety,Null
13,9,Tool,Knife Safety,Null
14,9,Tool,Knife Safety,Null
15,9,Tool,Knife Safety,Null
16,9,Tool,Knife Safety,Null
17,9,Tool,Knife Safety,Null
18,9,Tool,Knife Safety,Null
19,9,Tool,Knife Safety,Null
21,9,Tool,Knife Safety,Null
24,9,Tool,Knife Safety,Null
25,9,Tool,Knife Safety,Null
26,9,Tool,Knife Safety,Null
27,9,Tool,Knife Safety,Null
28,9,Tool,Knife Safety,Null
29,9,Tool,Knife Safety,Null
32,9,Tool,Knife Safety,Null
37,9,Tool,Knife Safety,Null
38,9,Tool,Knife Safety,Null
40,9,Tool,Knife Safety,Null
42,9,Tool,Knife Safety,Null
43,9,Tool,Knife Safety,Null
46,9,Tool,Knife Safety,Null
49,9,Tool,Knife Safety,Null
50,9,Tool,Knife Safety,Null
52,9,Tool,Knife Safety,Null
53,9,Tool,Knife Safety,Null
54,9,Tool,Knife Safety,Null
55,9,Tool,Knife Safety,Null
56,9,Tool,Knife Safety,Null
57,9,Tool,Knife Safety,Null
58,9,Tool,Knife Safety,Null
59,9,Tool,Knife Safety,Null
60,9,Tool,Knife Safety,Null
61,9,Tool,Knife Safety,Null
63,9,Tool,Knife Safety,Null
66,9,Tool,Knife Safety,Null
69,9,Tool,Knife Safety,Null
70,9,Tool,Knife Safety,Null
71,9,Tool,Knife Safety,Null
74,9,Tool,Knife Safety,Null
75,9,Tool,Knife Safety,Null
77,9,Tool,Knife Safety,Null
78,9,Tool,Knife Safety,Null
79,9,Tool,Knife Safety,Null
80,9,Tool,Knife Safety,Null
81,9,Tool,Knife Safety,Null
83,9,Tool,Knife Safety,Null
84,9,Tool,Knife Safety,Null
85,9,Tool,Knife Safety,Null
86,9,Tool,Knife Safety,Null
88,9,Tool,Knife Safety,Null
89,9,Tool,Knife Safety,Null
90,9,Tool,Knife Safety,Null
91,9,Tool,Knife Safety,Null
93,9,Tool,Knife Safety,Null
95,9,Tool,Knife Safety,Null
96,9,Tool,Knife Safety,Null
97,9,Tool,Knife Safety,Null
99,9,Tool,Knife Safety,Null
100,9,Tool,Knife Safety,Null
101,9,Tool,Knife Safety,Null
102,9,Tool,Knife Safety,Null
103,9,Tool,Knife Safety,Null
104,9,Tool,Knife Safety,Null
106,9,Tool,Knife Safety,Null
108,9,Tool,Knife Safety,Null
109,9,Tool,Knife Safety,Null
110,9,Tool,Knife Safety,Null
111,9,Tool,Knife Safety,Null
112,9,Tool,Knife Safety,Null
113,9,Tool,Knife Safety,Null
120,9,Tool,Knife Safety,Null
122,9,Tool,Knife Safety,Null
123,9,Tool,Knife Safety,Null
124,9,Tool,Knife Safety,Null
125,9,Tool,Knife Safety,Null
127,9,Tool,Knife Safety,Null
128,9,Tool,Knife Safety,Null
129,9,Tool,Knife Safety,Null
130,9,Tool,Knife Safety,Null
133,9,Tool,Knife Safety,Null
134,9,Tool,Knife Safety,Null
136,9,Tool,Knife Safety,Null
137,9,Tool,Knife Safety,Null
138,9,Tool,Knife Safety,Null
139,9,Tool,Knife Safety,Null
144,9,Tool,Knife Safety,Null
145,9,Tool,Knife Safety,Null
147,9,Tool,Knife Safety,Null
148,9,Tool,Knife Safety,Null
149,9,Tool,Knife Safety,Null
150,9,Tool,Knife Safety,Null
151,9,Tool,Knife Safety,Null
152,9,Tool,Knife Safety,Null
153,9,Tool,Knife Safety,Null
155,9,Tool,Knife Safety,Null
157,9,Tool,Knife Safety,Null
158,9,Tool,Knife Safety,Null
159,9,Tool,Knife Safety,Null
161,9,Tool,Knife Safety,Null
163,9,Tool,Knife Safety,Null
164,9,Tool,Knife Safety,Null
166,9,Tool,Knife Safety,Null
167,9,Tool,Knife Safety,Null
170,9,Tool,Knife Safety,Null
171,9,Tool,Knife Safety,Null
172,9,Tool,Knife Safety,Null
174,9,Tool,Knife Safety,Null
175,9,Tool,Knife Safety,Null
176,9,Tool,Knife Safety,Null
177,9,Tool,Knife Safety,Null
178,9,Tool,Knife Safety,Null
179,9,Tool,Knife Safety,Null
181,9,Tool,Knife Safety,Null
182,9,Tool,Knife Safety,Null
183,9,Tool,Knife Safety,Null
185,9,Tool,Knife Safety,Null
186,9,Tool,Knife Safety,Null
187,9,Tool,Knife Safety,Null
188,9,Tool,Knife Safety,Null
189,9,Tool,Knife Safety,Null
190,9,Tool,Knife Safety,Null
191,9,Tool,Knife Safety,Null
192,9,Tool,Knife Safety,Null
194,9,Tool,Knife Safety,Null
198,9,Tool,Knife Safety,Null
199,9,Tool,Knife Safety,Null
200,9,Tool,Knife Safety,Null
201,9,Tool,Knife Safety,Null
202,9,Tool,Knife Safety,Null
203,9,Tool,Knife Safety,Null
204,9,Tool,Knife Safety,Null
206,9,Tool,Knife Safety,Null
208,9,Tool,Knife Safety,Null
209,9,Tool,Knife Safety,Null
210,9,Tool,Knife Safety,Null
211,9,Tool,Knife Safety,Null
212,9,Tool,Knife Safety,Null
213,9,Tool,Knife Safety,Null
214,9,Tool,Knife Safety,Null
217,9,Tool,Knife Safety,Null
219,9,Tool,Knife Safety,Null
220,9,Tool,Knife Safety,Null
227,9,Tool,Knife Safety,Null
228,9,Tool,Knife Safety,Null
230,9,Tool,Knife Safety,Null
231,9,Tool,Knife Safety,Null
234,9,Tool,Knife Safety,Null
235,9,Tool,Knife Safety,Null
236,9,Tool,Knife Safety,Null
238,9,Tool,Knife Safety,Null
239,9,Tool,Knife Safety,Null
240,9,Tool,Knife Safety,Null
241,9,Tool,Knife Safety,Null
242,9,Tool,Knife Safety,Null
243,9,Tool,Knife Safety,Null
244,9,Tool,Knife Safety,Null
245,9,Tool,Knife Safety,Null
246,9,Tool,Knife Safety,Null
247,9,Tool,Knife Safety,Null
249,9,Tool,Knife Safety,Null
251,9,Tool,Knife Safety,Null
252,9,Tool,Knife Safety,Null
253,9,Tool,Knife Safety,Null
255,9,Tool,Knife Safety,Null
256,9,Tool,Knife Safety,Null
257,9,Tool,Knife Safety,Null
258,9,Tool,Knife Safety,Null
259,9,Tool,Knife Safety,Null
261,9,Tool,Knife Safety,Null
264,9,Tool,Knife Safety,Null
265,9,Tool,Knife Safety,Null
266,9,Tool,Knife Safety,Null
267,9,Tool,Knife Safety,Null
268,9,Tool,Knife Safety,Null
269,9,Tool,Knife Safety,Null
271,9,Tool,Knife Safety,Null
272,9,Tool,Knife Safety,Null
273,9,Tool,Knife Safety,Null
274,9,Tool,Knife Safety,Null
275,9,Tool,Knife Safety,Null
276,9,Tool,Knife Safety,Null
278,9,Tool,Knife Safety,Null
279,9,Tool,Knife Safety,Null
280,9,Tool,Knife Safety,Null
282,9,Tool,Knife Safety,Null
283,9,Tool,Knife Safety,Null
285,9,Tool,Knife Safety,Null
286,9,Tool,Knife Safety,Null
288,9,Tool,Knife Safety,Null
291,9,Tool,Knife Safety,Null
292,9,Tool,Knife Safety,Null
294,9,Tool,Knife Safety,Null
297,9,Tool,Knife Safety,Null
299,9,Tool,Knife Safety,Null
300,9,Tool,Knife Safety,Null
3,10,Tool,Power Tool Safety,Null
4,10,Tool,Power Tool Safety,Null
5,10,Tool,Power Tool Safety,Null
9,10,Tool,Power Tool Safety,Null
11,10,Tool,Power Tool Safety,Null
13,10,Tool,Power Tool Safety,Null
14,10,Tool,Power Tool Safety,Null
15,10,Tool,Power Tool Safety,Null
16,10,Tool,Power Tool Safety,Null
17,10,Tool,Power Tool Safety,Null
21,10,Tool,Power Tool Safety,Null
24,10,Tool,Power Tool Safety,Null
25,10,Tool,Power Tool Safety,Null
26,10,Tool,Power Tool Safety,Null
27,10,Tool,Power Tool Safety,Null
28,10,Tool,Power Tool Safety,Null
29,10,Tool,Power Tool Safety,Null
30,10,Tool,Power Tool Safety,Null
32,10,Tool,Power Tool Safety,Null
37,10,Tool,Power Tool Safety,Null
38,10,Tool,Power Tool Safety,Null
42,10,Tool,Power Tool Safety,Null
43,10,Tool,Power Tool Safety,Null
46,10,Tool,Power Tool Safety,Null
49,10,Tool,Power Tool Safety,Null
50,10,Tool,Power Tool Safety,Null
52,10,Tool,Power Tool Safety,Null
53,10,Tool,Power Tool Safety,Null
54,10,Tool,Power Tool Safety,Null
57,10,Tool,Power Tool Safety,Null
58,10,Tool,Power Tool Safety,Null
61,10,Tool,Power Tool Safety,Null
66,10,Tool,Power Tool Safety,Null
69,10,Tool,Power Tool Safety,Null
71,10,Tool,Power Tool Safety,Null
74,10,Tool,Power Tool Safety,Null
75,10,Tool,Power Tool Safety,Null
78,10,Tool,Power Tool Safety,Null
80,10,Tool,Power Tool Safety,Null
83,10,Tool,Power Tool Safety,Null
84,10,Tool,Power Tool Safety,Null
85,10,Tool,Power Tool Safety,Null
86,10,Tool,Power Tool Safety,Null
88,10,Tool,Power Tool Safety,Null
89,10,Tool,Power Tool Safety,Null
90,10,Tool,Power Tool Safety,Null
91,10,Tool,Power Tool Safety,Null
93,10,Tool,Power Tool Safety,Null
94,10,Tool,Power Tool Safety,Null
95,10,Tool,Power Tool Safety,Null
96,10,Tool,Power Tool Safety,Null
97,10,Tool,Power Tool Safety,Null
100,10,Tool,Power Tool Safety,Null
103,10,Tool,Power Tool Safety,Null
104,10,Tool,Power Tool Safety,Null
106,10,Tool,Power Tool Safety,Null
108,10,Tool,Power Tool Safety,Null
109,10,Tool,Power Tool Safety,Null
110,10,Tool,Power Tool Safety,Null
111,10,Tool,Power Tool Safety,Null
112,10,Tool,Power Tool Safety,Null
113,10,Tool,Power Tool Safety,Null
120,10,Tool,Power Tool Safety,Null
121,10,Tool,Power Tool Safety,Null
122,10,Tool,Power Tool Safety,Null
123,10,Tool,Power Tool Safety,Null
124,10,Tool,Power Tool Safety,Null
125,10,Tool,Power Tool Safety,Null
126,10,Tool,Power Tool Safety,Null
127,10,Tool,Power Tool Safety,Null
128,10,Tool,Power Tool Safety,Null
129,10,Tool,Power Tool Safety,Null
130,10,Tool,Power Tool Safety,Null
133,10,Tool,Power Tool Safety,Null
134,10,Tool,Power Tool Safety,Null
136,10,Tool,Power Tool Safety,Null
137,10,Tool,Power Tool Safety,Null
138,10,Tool,Power Tool Safety,Null
139,10,Tool,Power Tool Safety,Null
144,10,Tool,Power Tool Safety,Null
145,10,Tool,Power Tool Safety,Null
147,10,Tool,Power Tool Safety,Null
148,10,Tool,Power Tool Safety,Null
150,10,Tool,Power Tool Safety,Null
152,10,Tool,Power Tool Safety,Null
157,10,Tool,Power Tool Safety,Null
158,10,Tool,Power Tool Safety,Null
161,10,Tool,Power Tool Safety,Null
163,10,Tool,Power Tool Safety,Null
164,10,Tool,Power Tool Safety,Null
166,10,Tool,Power Tool Safety,Null
167,10,Tool,Power Tool Safety,Null
169,10,Tool,Power Tool Safety,Null
174,10,Tool,Power Tool Safety,Null
175,10,Tool,Power Tool Safety,Null
177,10,Tool,Power Tool Safety,Null
178,10,Tool,Power Tool Safety,Null
179,10,Tool,Power Tool Safety,Null
182,10,Tool,Power Tool Safety,Null
183,10,Tool,Power Tool Safety,Null
185,10,Tool,Power Tool Safety,Null
186,10,Tool,Power Tool Safety,Null
189,10,Tool,Power Tool Safety,Null
190,10,Tool,Power Tool Safety,Null
191,10,Tool,Power Tool Safety,Null
192,10,Tool,Power Tool Safety,Null
193,10,Tool,Power Tool Safety,Null
194,10,Tool,Power Tool Safety,Null
198,10,Tool,Power Tool Safety,Null
200,10,Tool,Power Tool Safety,Null
201,10,Tool,Power Tool Safety,Null
202,10,Tool,Power Tool Safety,Null
203,10,Tool,Power Tool Safety,Null
204,10,Tool,Power Tool Safety,Null
206,10,Tool,Power Tool Safety,Null
209,10,Tool,Power Tool Safety,Null
211,10,Tool,Power Tool Safety,Null
212,10,Tool,Power Tool Safety,Null
213,10,Tool,Power Tool Safety,Null
214,10,Tool,Power Tool Safety,Null
217,10,Tool,Power Tool Safety,Null
220,10,Tool,Power Tool Safety,Null
227,10,Tool,Power Tool Safety,Null
228,10,Tool,Power Tool Safety,Null
229,10,Tool,Power Tool Safety,Null
230,10,Tool,Power Tool Safety,Null
234,10,Tool,Power Tool Safety,Null
235,10,Tool,Power Tool Safety,Null
236,10,Tool,Power Tool Safety,Null
238,10,Tool,Power Tool Safety,Null
239,10,Tool,Power Tool Safety,Null
240,10,Tool,Power Tool Safety,Null
242,10,Tool,Power Tool Safety,Null
243,10,Tool,Power Tool Safety,Null
246,10,Tool,Power Tool Safety,Null
249,10,Tool,Power Tool Safety,Null
251,10,Tool,Power Tool Safety,Null
252,10,Tool,Power Tool Safety,Null
253,10,Tool,Power Tool Safety,Null
256,10,Tool,Power Tool Safety,Null
258,10,Tool,Power Tool Safety,Null
259,10,Tool,Power Tool Safety,Null
263,10,Tool,Power Tool Safety,Null
264,10,Tool,Power Tool Safety,Null
265,10,Tool,Power Tool Safety,Null
268,10,Tool,Power Tool Safety,Null
271,10,Tool,Power Tool Safety,Null
272,10,Tool,Power Tool Safety,Null
273,10,Tool,Power Tool Safety,Null
275,10,Tool,Power Tool Safety,Null
276,10,Tool,Power Tool Safety,Null
278,10,Tool,Power Tool Safety,Null
279,10,Tool,Power Tool Safety,Null
282,10,Tool,Power Tool Safety,Null
283,10,Tool,Power Tool Safety,Null
284,10,Tool,Power Tool Safety,Null
285,10,Tool,Power Tool Safety,Null
286,10,Tool,Power Tool Safety,Null
290,10,Tool,Power Tool Safety,Null
294,10,Tool,Power Tool Safety,Null
297,10,Tool,Power Tool Safety,Null
299,10,Tool,Power Tool Safety,Null
2,11,Job,OSHA 10,Null
23,11,Job,OSHA 10,Null
31,11,Job,OSHA 10,Null
35,11,Job,OSHA 10,Null
47,11,Job,OSHA 10,Null
48,11,Job,OSHA 10,Null
62,11,Job,OSHA 10,Null
64,11,Job,OSHA 10,Null
65,11,Job,OSHA 10,Null
68,11,Job,OSHA 10,Null
119,11,Job,OSHA 10,Null
135,11,Job,OSHA 10,Null
142,11,Job,OSHA 10,Null
146,11,Job,OSHA 10,Null
165,11,Job,OSHA 10,Null
232,11,Job,OSHA 10,Null
260,11,Job,OSHA 10,Null
293,11,Job,OSHA 10,Null
296,11,Job,OSHA 10,Null
2,12,Job,OSHA 30,Null
23,12,Job,OSHA 30,Null
64,12,Job,OSHA 30,Null
135,12,Job,OSHA 30,Null
146,12,Job,OSHA 30,Null
165,12,Job,OSHA 30,Null
232,12,Job,OSHA 30,Null
260,12,Job,OSHA 30,Null
2,13,Job,OSHA 40,Null
232,13,Job,OSHA 40,Null
23,14,Job,Certified Maintenance and Reliability Technician (CMRT),Null
35,14,Job,Certified Maintenance and Reliability Technician (CMRT),Null
47,14,Job,Certified Maintenance and Reliability Technician (CMRT),Null
48,14,Job,Certified Maintenance and Reliability Technician (CMRT),Null
64,14,Job,Certified Maintenance and Reliability Technician (CMRT),Null
65,14,Job,Certified Maintenance and Reliability Technician (CMRT),Null
68,14,Job,Certified Maintenance and Reliability Technician (CMRT),Null
135,14,Job,Certified Maintenance and Reliability Technician (CMRT),Null
146,14,Job,Certified Maintenance and Reliability Technician (CMRT),Null
165,14,Job,Certified Maintenance and Reliability Technician (CMRT),Null
260,14,Job,Certified Maintenance and Reliability Technician (CMRT),Null
293,14,Job,Certified Maintenance and Reliability Technician (CMRT),Null
23,15,Job,Master Certified Electronics Technician (CET),Null
25,15,Job,Master Certified Electronics Technician (CET),Null
64,15,Job,Master Certified Electronics Technician (CET),Null
135,15,Job,Master Certified Electronics Technician (CET),Null
146,15,Job,Master Certified Electronics Technician (CET),Null
163,15,Job,Master Certified Electronics Technician (CET),Null
165,15,Job,Master Certified Electronics Technician (CET),Null
260,15,Job,Master Certified Electronics Technician (CET),Null
275,15,Job,Master Certified Electronics Technician (CET),Null
23,16,Job,EPA HVAC Certification,Null
64,16,Job,EPA HVAC Certification,Null
88,16,Job,EPA HVAC Certification,Null
95,16,Job,EPA HVAC Certification,Null
125,16,Job,EPA HVAC Certification,Null
133,16,Job,EPA HVAC Certification,Null
135,16,Job,EPA HVAC Certification,Null
146,16,Job,EPA HVAC Certification,Null
164,16,Job,EPA HVAC Certification,Null
165,16,Job,EPA HVAC Certification,Null
185,16,Job,EPA HVAC Certification,Null
214,16,Job,EPA HVAC Certification,Null
17,17,Job,Electrical Technician Certification,Null
23,17,Job,Electrical Technician Certification,Null
25,17,Job,Electrical Technician Certification,Null
35,17,Job,Electrical Technician Certification,Null
47,17,Job,Electrical Technician Certification,Null
64,17,Job,Electrical Technician Certification,Null
108,17,Job,Electrical Technician Certification,Null
135,17,Job,Electrical Technician Certification,Null
146,17,Job,Electrical Technician Certification,Null
163,17,Job,Electrical Technician Certification,Null
165,17,Job,Electrical Technician Certification,Null
166,17,Job,Electrical Technician Certification,Null
178,17,Job,Electrical Technician Certification,Null
213,17,Job,Electrical Technician Certification,Null
260,17,Job,Electrical Technician Certification,Null
275,17,Job,Electrical Technician Certification,Null
1,18,Job,Certified Maintenance and Reliability Professional (CMRP),Null
2,18,Job,Certified Maintenance and Reliability Professional (CMRP),Null
12,18,Job,Certified Maintenance and Reliability Professional (CMRP),Null
22,18,Job,Certified Maintenance and Reliability Professional (CMRP),Null
23,18,Job,Certified Maintenance and Reliability Professional (CMRP),Null
41,18,Job,Certified Maintenance and Reliability Professional (CMRP),Null
51,18,Job,Certified Maintenance and Reliability Professional (CMRP),Null
56,18,Job,Certified Maintenance and Reliability Professional (CMRP),Null
64,18,Job,Certified Maintenance and Reliability Professional (CMRP),Null
72,18,Job,Certified Maintenance and Reliability Professional (CMRP),Null
114,18,Job,Certified Maintenance and Reliability Professional (CMRP),Null
135,18,Job,Certified Maintenance and Reliability Professional (CMRP),Null
143,18,Job,Certified Maintenance and Reliability Professional (CMRP),Null
146,18,Job,Certified Maintenance and Reliability Professional (CMRP),Null
154,18,Job,Certified Maintenance and Reliability Professional (CMRP),Null
165,18,Job,Certified Maintenance and Reliability Professional (CMRP),Null
168,18,Job,Certified Maintenance and Reliability Professional (CMRP),Null
173,18,Job,Certified Maintenance and Reliability Professional (CMRP),Null
184,18,Job,Certified Maintenance and Reliability Professional (CMRP),Null
215,18,Job,Certified Maintenance and Reliability Professional (CMRP),Null
221,18,Job,Certified Maintenance and Reliability Professional (CMRP),Null
222,18,Job,Certified Maintenance and Reliability Professional (CMRP),Null
223,18,Job,Certified Maintenance and Reliability Professional (CMRP),Null
224,18,Job,Certified Maintenance and Reliability Professional (CMRP),Null
225,18,Job,Certified Maintenance and Reliability Professional (CMRP),Null
226,18,Job,Certified Maintenance and Reliability Professional (CMRP),Null
232,18,Job,Certified Maintenance and Reliability Professional (CMRP),Null
260,18,Job,Certified Maintenance and Reliability Professional (CMRP),Null
274,18,Job,Certified Maintenance and Reliability Professional (CMRP),Null
277,18,Job,Certified Maintenance and Reliability Professional (CMRP),Null
281,18,Job,Certified Maintenance and Reliability Professional (CMRP),Null
288,18,Job,Certified Maintenance and Reliability Professional (CMRP),Null
,20,Job,Certified Professional Maintenance Manager (CPMM),Null
23,21,Job,Building Systems Maintenance Certificate (SMC),Null
35,21,Job,Building Systems Maintenance Certificate (SMC),Null
47,21,Job,Building Systems Maintenance Certificate (SMC),Null
64,21,Job,Building Systems Maintenance Certificate (SMC),Null
135,21,Job,Building Systems Maintenance Certificate (SMC),Null
146,21,Job,Building Systems Maintenance Certificate (SMC),Null
165,21,Job,Building Systems Maintenance Certificate (SMC),Null
260,21,Job,Building Systems Maintenance Certificate (SMC),Null
165,22,Job,Facilities Management Certificate (FMC),Null
260,22,Job,Facilities Management Certificate (FMC),Null
135,23,Job,Facility Management Professional (FMP),Null
146,23,Job,Facility Management Professional (FMP),Null
23,24,Job,Certified Facility Manager (CFM),Null
64,24,Job,Certified Facility Manager (CFM),Null
52,25,Job,In-Building Public Safety Communications,Null
85,25,Job,In-Building Public Safety Communications,Null
134,25,Job,In-Building Public Safety Communications,Null
175,25,Job,In-Building Public Safety Communications,Null
202,25,Job,In-Building Public Safety Communications,Null
234,25,Job,In-Building Public Safety Communications,Null
17,26,Job,Electrical Power Testing,Null
25,26,Job,Electrical Power Testing,Null
59,26,Job,Electrical Power Testing,Null
60,26,Job,Electrical Power Testing,Null
108,26,Job,Electrical Power Testing,Null
163,26,Job,Electrical Power Testing,Null
166,26,Job,Electrical Power Testing,Null
178,26,Job,Electrical Power Testing,Null
213,26,Job,Electrical Power Testing,Null
252,26,Job,Electrical Power Testing,Null
275,26,Job,Electrical Power Testing,Null
43,27,Job,Fire Alarm Systems,Null
52,27,Job,Fire Alarm Systems,Null
57,27,Job,Fire Alarm Systems,Null
85,27,Job,Fire Alarm Systems,Null
120,27,Job,Fire Alarm Systems,Null
134,27,Job,Fire Alarm Systems,Null
175,27,Job,Fire Alarm Systems,Null
202,27,Job,Fire Alarm Systems,Null
234,27,Job,Fire Alarm Systems,Null
43,28,Job,Inspection and Testing of Fire Alarm Systems,Null
52,28,Job,Inspection and Testing of Fire Alarm Systems,Null
85,28,Job,Inspection and Testing of Fire Alarm Systems,Null
134,28,Job,Inspection and Testing of Fire Alarm Systems,Null
175,28,Job,Inspection and Testing of Fire Alarm Systems,Null
202,28,Job,Inspection and Testing of Fire Alarm Systems,Null
234,28,Job,Inspection and Testing of Fire Alarm Systems,Null
43,29,Job,Inspection and Testing of Water-Based Systems,Null
52,29,Job,Inspection and Testing of Water-Based Systems,Null
134,29,Job,Inspection and Testing of Water-Based Systems,Null
175,29,Job,Inspection and Testing of Water-Based Systems,Null
234,29,Job,Inspection and Testing of Water-Based Systems,Null
43,30,Job,Special Hazards Systems,Null
52,30,Job,Special Hazards Systems,Null
85,30,Job,Special Hazards Systems,Null
134,30,Job,Special Hazards Systems,Null
202,30,Job,Special Hazards Systems,Null
43,31,Job,Water-Based Systems Layout,Null
52,31,Job,Water-Based Systems Layout,Null
85,31,Job,Water-Based Systems Layout,Null
134,31,Job,Water-Based Systems Layout,Null
175,31,Job,Water-Based Systems Layout,Null
202,31,Job,Water-Based Systems Layout,Null
234,31,Job,Water-Based Systems Layout,Null
9,32,Job,Technologist certification,Null
43,32,Job,Technologist certification,Null
52,32,Job,Technologist certification,Null
57,32,Job,Technologist certification,Null
85,32,Job,Technologist certification,Null
120,32,Job,Technologist certification,Null
122,32,Job,Technologist certification,Null
134,32,Job,Technologist certification,Null
175,32,Job,Technologist certification,Null
202,32,Job,Technologist certification,Null
234,32,Job,Technologist certification,Null
71,33,Job,Certified Lead Carpenter (CLC),Null
183,33,Job,Certified Lead Carpenter (CLC),Null
5,34,Job,Journeyman Carpenter Certification,Null
71,34,Job,Journeyman Carpenter Certification,Null
159,34,Job,Journeyman Carpenter Certification,Null
183,34,Job,Journeyman Carpenter Certification,Null
194,34,Job,Journeyman Carpenter Certification,Null
217,34,Job,Journeyman Carpenter Certification,Null
264,34,Job,Journeyman Carpenter Certification,Null
286,34,Job,Journeyman Carpenter Certification,Null
5,35,Job,Blueprint Reading,Null
71,35,Job,Blueprint Reading,Null
183,35,Job,Blueprint Reading,Null
194,35,Job,Blueprint Reading,Null
217,35,Job,Blueprint Reading,Null
5,36,Job,Framing,Null
71,36,Job,Framing,Null
81,36,Job,Framing,Null
159,36,Job,Framing,Null
183,36,Job,Framing,Null
194,36,Job,Framing,Null
217,36,Job,Framing,Null
264,36,Job,Framing,Null
280,36,Job,Framing,Null
286,36,Job,Framing,Null
5,37,Job,Finish Carpentry,Null
71,37,Job,Finish Carpentry,Null
159,37,Job,Finish Carpentry,Null
183,37,Job,Finish Carpentry,Null
194,37,Job,Finish Carpentry,Null
217,37,Job,Finish Carpentry,Null
264,37,Job,Finish Carpentry,Null
280,37,Job,Finish Carpentry,Null
286,37,Job,Finish Carpentry,Null
5,38,Job,Building Codes,Null
71,38,Job,Building Codes,Null
183,38,Job,Building Codes,Null
194,38,Job,Building Codes,Null
5,39,Job,Use of Tools and Equipment,Null
71,39,Job,Use of Tools and Equipment,Null
81,39,Job,Use of Tools and Equipment,Null
159,39,Job,Use of Tools and Equipment,Null
171,39,Job,Use of Tools and Equipment,Null
183,39,Job,Use of Tools and Equipment,Null
194,39,Job,Use of Tools and Equipment,Null
217,39,Job,Use of Tools and Equipment,Null
264,39,Job,Use of Tools and Equipment,Null
280,39,Job,Use of Tools and Equipment,Null
286,39,Job,Use of Tools and Equipment,Null
17,40,Job,Certified Electrical Safety Compliance Professional (CESCP),Null
25,40,Job,Certified Electrical Safety Compliance Professional (CESCP),Null
59,40,Job,Certified Electrical Safety Compliance Professional (CESCP),Null
60,40,Job,Certified Electrical Safety Compliance Professional (CESCP),Null
108,40,Job,Certified Electrical Safety Compliance Professional (CESCP),Null
163,40,Job,Certified Electrical Safety Compliance Professional (CESCP),Null
166,40,Job,Certified Electrical Safety Compliance Professional (CESCP),Null
178,40,Job,Certified Electrical Safety Compliance Professional (CESCP),Null
213,40,Job,Certified Electrical Safety Compliance Professional (CESCP),Null
252,40,Job,Certified Electrical Safety Compliance Professional (CESCP),Null
275,40,Job,Certified Electrical Safety Compliance Professional (CESCP),Null
25,41,Job,Master Electrician Certificate,Null
108,41,Job,Master Electrician Certificate,Null
163,41,Job,Master Electrician Certificate,Null
166,41,Job,Master Electrician Certificate,Null
178,41,Job,Master Electrician Certificate,Null
213,41,Job,Master Electrician Certificate,Null
275,41,Job,Master Electrician Certificate,Null
17,42,Job,Certified Electrical Safety Worker (CESW),Null
25,42,Job,Certified Electrical Safety Worker (CESW),Null
59,42,Job,Certified Electrical Safety Worker (CESW),Null
60,42,Job,Certified Electrical Safety Worker (CESW),Null
108,42,Job,Certified Electrical Safety Worker (CESW),Null
163,42,Job,Certified Electrical Safety Worker (CESW),Null
166,42,Job,Certified Electrical Safety Worker (CESW),Null
178,42,Job,Certified Electrical Safety Worker (CESW),Null
213,42,Job,Certified Electrical Safety Worker (CESW),Null
252,42,Job,Certified Electrical Safety Worker (CESW),Null
275,42,Job,Certified Electrical Safety Worker (CESW),Null
163,43,Job,Electrical Project Management Institute (EPMI) Certification,Null
275,43,Job,Electrical Project Management Institute (EPMI) Certification,Null
25,44,Job,Certified Electrical Safety Technician (CEST),Null
108,44,Job,Certified Electrical Safety Technician (CEST),Null
163,44,Job,Certified Electrical Safety Technician (CEST),Null
166,44,Job,Certified Electrical Safety Technician (CEST),Null
178,44,Job,Certified Electrical Safety Technician (CEST),Null
213,44,Job,Certified Electrical Safety Technician (CEST),Null
275,44,Job,Certified Electrical Safety Technician (CEST),Null
17,45,Job,Journeyman Electrician License,Null
25,45,Job,Journeyman Electrician License,Null
59,45,Job,Journeyman Electrician License,Null
108,45,Job,Journeyman Electrician License,Null
163,45,Job,Journeyman Electrician License,Null
166,45,Job,Journeyman Electrician License,Null
178,45,Job,Journeyman Electrician License,Null
213,45,Job,Journeyman Electrician License,Null
252,45,Job,Journeyman Electrician License,Null
275,45,Job,Journeyman Electrician License,Null
25,46,Job,Certified Automation Professional (CAP),Null
108,46,Job,Certified Automation Professional (CAP),Null
163,46,Job,Certified Automation Professional (CAP),Null
275,46,Job,Certified Automation Professional (CAP),Null
25,47,Job,LEED Green Associate,Null
108,47,Job,LEED Green Associate,Null
163,47,Job,LEED Green Associate,Null
166,47,Job,LEED Green Associate,Null
178,47,Job,LEED Green Associate,Null
275,47,Job,LEED Green Associate,Null
108,48,Job,Photovoltaic (PV) Installer Certification,Null
163,48,Job,Photovoltaic (PV) Installer Certification,Null
166,48,Job,Photovoltaic (PV) Installer Certification,Null
213,48,Job,Photovoltaic (PV) Installer Certification,Null
275,48,Job,Photovoltaic (PV) Installer Certification,Null
163,49,Job,Certified Energy Manager (CEM),Null
275,49,Job,Certified Energy Manager (CEM),Null
66,50,Job,Specialized Technique Certifications,Null
97,50,Job,Specialized Technique Certifications,Null
190,50,Job,Specialized Technique Certifications,Null
191,50,Job,Specialized Technique Certifications,Null
206,50,Job,Specialized Technique Certifications,Null
236,50,Job,Specialized Technique Certifications,Null
6,51,Job,Painting Contractor Certification,Null
66,51,Job,Painting Contractor Certification,Null
70,51,Job,Painting Contractor Certification,Null
97,51,Job,Painting Contractor Certification,Null
147,51,Job,Painting Contractor Certification,Null
190,51,Job,Painting Contractor Certification,Null
191,51,Job,Painting Contractor Certification,Null
206,51,Job,Painting Contractor Certification,Null
236,51,Job,Painting Contractor Certification,Null
292,51,Job,Painting Contractor Certification,Null
66,52,Job,Lead Safety Certification,Null
97,52,Job,Lead Safety Certification,Null
206,52,Job,Lead Safety Certification,Null
236,52,Job,Lead Safety Certification,Null
206,53,Job,Environmental Certifications,Null
236,53,Job,Environmental Certifications,Null
11,54,Job,Senior Certified Welding Inspector Certification,Null
94,54,Job,Senior Certified Welding Inspector Certification,Null
126,54,Job,Senior Certified Welding Inspector Certification,Null
193,54,Job,Senior Certified Welding Inspector Certification,Null
229,54,Job,Senior Certified Welding Inspector Certification,Null
263,54,Job,Senior Certified Welding Inspector Certification,Null
11,55,Job,Certification for Certified Welding Inspector,Null
94,55,Job,Certification for Certified Welding Inspector,Null
126,55,Job,Certification for Certified Welding Inspector,Null
193,55,Job,Certification for Certified Welding Inspector,Null
229,55,Job,Certification for Certified Welding Inspector,Null
263,55,Job,Certification for Certified Welding Inspector,Null
284,55,Job,Certification for Certified Welding Inspector,Null
11,56,Job,Certified Associate Welding Inspector Certification,Null
94,56,Job,Certified Associate Welding Inspector Certification,Null
126,56,Job,Certified Associate Welding Inspector Certification,Null
193,56,Job,Certified Associate Welding Inspector Certification,Null
11,57,Job,Certification for Certified Welding Supervisor,Null
94,57,Job,Certification for Certified Welding Supervisor,Null
126,57,Job,Certification for Certified Welding Supervisor,Null
11,58,Job,Certified Welder Certification,Null
30,58,Job,Certified Welder Certification,Null
94,58,Job,Certified Welder Certification,Null
121,58,Job,Certified Welder Certification,Null
126,58,Job,Certified Welder Certification,Null
169,58,Job,Certified Welder Certification,Null
193,58,Job,Certified Welder Certification,Null
229,58,Job,Certified Welder Certification,Null
263,58,Job,Certified Welder Certification,Null
284,58,Job,Certified Welder Certification,Null
290,58,Job,Certified Welder Certification,Null
11,59,Job,Certification for Certified Welding Educator,Null
94,59,Job,Certification for Certified Welding Educator,Null
126,59,Job,Certification for Certified Welding Educator,Null
193,59,Job,Certification for Certified Welding Educator,Null
11,60,Job,Certified Welding Engineer Certification,Null
94,60,Job,Certified Welding Engineer Certification,Null
126,60,Job,Certified Welding Engineer Certification,Null
193,60,Job,Certified Welding Engineer Certification,Null
229,60,Job,Certified Welding Engineer Certification,Null
11,61,Job,Certification for Certified Welding Sales Representative,Null
94,61,Job,Certification for Certified Welding Sales Representative,Null
169,61,Job,Certification for Certified Welding Sales Representative,Null
229,61,Job,Certification for Certified Welding Sales Representative,Null
284,61,Job,Certification for Certified Welding Sales Representative,Null
11,62,Job,Certified Radiographic Interpreter Certification,Null
94,62,Job,Certified Radiographic Interpreter Certification,Null
126,62,Job,Certified Radiographic Interpreter Certification,Null
229,62,Job,Certified Radiographic Interpreter Certification,Null
263,62,Job,Certified Radiographic Interpreter Certification,Null
11,63,Job,Certification for Certified Robotic Arc Welding,Null
94,63,Job,Certification for Certified Robotic Arc Welding,Null
263,63,Job,Certification for Certified Robotic Arc Welding,Null
284,63,Job,Certification for Certified Robotic Arc Welding,Null
290,63,Job,Certification for Certified Robotic Arc Welding,Null
21,64,Job,Journeyman Plumber Certification,Null
89,64,Job,Journeyman Plumber Certification,Null
96,64,Job,Journeyman Plumber Certification,Null
124,64,Job,Journeyman Plumber Certification,Null
136,64,Job,Journeyman Plumber Certification,Null
148,64,Job,Journeyman Plumber Certification,Null
203,64,Job,Journeyman Plumber Certification,Null
209,64,Job,Journeyman Plumber Certification,Null
235,64,Job,Journeyman Plumber Certification,Null
21,65,Job,Master Plumber Certification,Null
96,65,Job,Master Plumber Certification,Null
124,65,Job,Master Plumber Certification,Null
136,65,Job,Master Plumber Certification,Null
148,65,Job,Master Plumber Certification,Null
203,65,Job,Master Plumber Certification,Null
235,65,Job,Master Plumber Certification,Null
21,66,Job,Plumbing Inspector Certification,Null
96,66,Job,Plumbing Inspector Certification,Null
124,66,Job,Plumbing Inspector Certification,Null
136,66,Job,Plumbing Inspector Certification,Null
21,67,Job,Green Plumber Certification,Null
89,67,Job,Green Plumber Certification,Null
96,67,Job,Green Plumber Certification,Null
102,67,Job,Green Plumber Certification,Null
124,67,Job,Green Plumber Certification,Null
136,67,Job,Green Plumber Certification,Null
148,67,Job,Green Plumber Certification,Null
203,67,Job,Green Plumber Certification,Null
209,67,Job,Green Plumber Certification,Null
235,67,Job,Green Plumber Certification,Null
300,67,Job,Green Plumber Certification,Null
21,68,Job,Backflow Prevention Certification,Null
89,68,Job,Backflow Prevention Certification,Null
96,68,Job,Backflow Prevention Certification,Null
102,68,Job,Backflow Prevention Certification,Null
124,68,Job,Backflow Prevention Certification,Null
136,68,Job,Backflow Prevention Certification,Null
148,68,Job,Backflow Prevention Certification,Null
203,68,Job,Backflow Prevention Certification,Null
209,68,Job,Backflow Prevention Certification,Null
235,68,Job,Backflow Prevention Certification,Null
300,68,Job,Backflow Prevention Certification,Null
21,69,Job,ASSE 6010 Installers Certification,Null
96,69,Job,ASSE 6010 Installers Certification,Null
124,69,Job,ASSE 6010 Installers Certification,Null
136,69,Job,ASSE 6010 Installers Certification,Null
148,69,Job,ASSE 6010 Installers Certification,Null
21,70,Job,ASSE 6020 Inspectors Certification,Null
96,70,Job,ASSE 6020 Inspectors Certification,Null
124,70,Job,ASSE 6020 Inspectors Certification,Null
136,70,Job,ASSE 6020 Inspectors Certification,Null
21,71,Job,ASSE 6040 Maintenance Personnel Certification,Null
96,71,Job,ASSE 6040 Maintenance Personnel Certification,Null
124,71,Job,ASSE 6040 Maintenance Personnel Certification,Null
136,71,Job,ASSE 6040 Maintenance Personnel Certification,Null
148,71,Job,ASSE 6040 Maintenance Personnel Certification,Null
203,71,Job,ASSE 6040 Maintenance Personnel Certification,Null
235,71,Job,ASSE 6040 Maintenance Personnel Certification,Null
16,72,Job,Landscape Industry Certified Technician,Null
38,72,Job,Landscape Industry Certified Technician,Null
53,72,Job,Landscape Industry Certified Technician,Null
78,72,Job,Landscape Industry Certified Technician,Null
93,72,Job,Landscape Industry Certified Technician,Null
101,72,Job,Landscape Industry Certified Technician,Null
106,72,Job,Landscape Industry Certified Technician,Null
211,72,Job,Landscape Industry Certified Technician,Null
230,72,Job,Landscape Industry Certified Technician,Null
245,72,Job,Landscape Industry Certified Technician,Null
253,72,Job,Landscape Industry Certified Technician,Null
53,73,Job,LIC Manager,Null
93,73,Job,LIC Manager,Null
211,73,Job,LIC Manager,Null
16,74,Job,LIC Exterior Technician,Null
38,74,Job,LIC Exterior Technician,Null
53,74,Job,LIC Exterior Technician,Null
78,74,Job,LIC Exterior Technician,Null
93,74,Job,LIC Exterior Technician,Null
106,74,Job,LIC Exterior Technician,Null
211,74,Job,LIC Exterior Technician,Null
230,74,Job,LIC Exterior Technician,Null
245,74,Job,LIC Exterior Technician,Null
253,74,Job,LIC Exterior Technician,Null
16,75,Job,LIC Interior Technician,Null
53,75,Job,LIC Interior Technician,Null
78,75,Job,LIC Interior Technician,Null
93,75,Job,LIC Interior Technician,Null
101,75,Job,LIC Interior Technician,Null
106,75,Job,LIC Interior Technician,Null
211,75,Job,LIC Interior Technician,Null
230,75,Job,LIC Interior Technician,Null
253,75,Job,LIC Interior Technician,Null
38,76,Job,LIC Horticultural Technician,Null
53,76,Job,LIC Horticultural Technician,Null
78,76,Job,LIC Horticultural Technician,Null
93,76,Job,LIC Horticultural Technician,Null
106,76,Job,LIC Horticultural Technician,Null
211,76,Job,LIC Horticultural Technician,Null
230,76,Job,LIC Horticultural Technician,Null
253,76,Job,LIC Horticultural Technician,Null
78,77,Job,LIC Lawn Care Manager,Null
93,77,Job,LIC Lawn Care Manager,Null
106,77,Job,LIC Lawn Care Manager,Null
211,77,Job,LIC Lawn Care Manager,Null
230,77,Job,LIC Lawn Care Manager,Null
53,78,Job,LIC Lawn Care Technician,Null
78,78,Job,LIC Lawn Care Technician,Null
93,78,Job,LIC Lawn Care Technician,Null
106,78,Job,LIC Lawn Care Technician,Null
211,78,Job,LIC Lawn Care Technician,Null
230,78,Job,LIC Lawn Care Technician,Null
253,78,Job,LIC Lawn Care Technician,Null
53,79,Job,Certified Grounds Manager (CGM),Null
78,79,Job,Certified Grounds Manager (CGM),Null
93,79,Job,Certified Grounds Manager (CGM),Null
211,79,Job,Certified Grounds Manager (CGM),Null
53,80,Job,Certified Grounds Technician (CGT),Null
78,80,Job,Certified Grounds Technician (CGT),Null
93,80,Job,Certified Grounds Technician (CGT),Null
106,80,Job,Certified Grounds Technician (CGT),Null
211,80,Job,Certified Grounds Technician (CGT),Null
230,80,Job,Certified Grounds Technician (CGT),Null
253,80,Job,Certified Grounds Technician (CGT),Null
55,81,Job,Certified Custodial Professional (CCP),Null
63,81,Job,Certified Custodial Professional (CCP),Null
153,81,Job,Certified Custodial Professional (CCP),Null
155,81,Job,Certified Custodial Professional (CCP),Null
247,81,Job,Certified Custodial Professional (CCP),Null
261,81,Job,Certified Custodial Professional (CCP),Null
269,81,Job,Certified Custodial Professional (CCP),Null
54,82,Job,IWCA Certified Window Cleaner,Null
80,82,Job,IWCA Certified Window Cleaner,Null
91,82,Job,IWCA Certified Window Cleaner,Null
129,82,Job,IWCA Certified Window Cleaner,Null
158,82,Job,IWCA Certified Window Cleaner,Null
189,82,Job,IWCA Certified Window Cleaner,Null
240,82,Job,IWCA Certified Window Cleaner,Null
258,82,Job,IWCA Certified Window Cleaner,Null
259,82,Job,IWCA Certified Window Cleaner,Null
276,82,Job,IWCA Certified Window Cleaner,Null
297,82,Job,IWCA Certified Window Cleaner,Null
54,83,Job,IWCA Safety Certified Technician,Null
80,83,Job,IWCA Safety Certified Technician,Null
91,83,Job,IWCA Safety Certified Technician,Null
129,83,Job,IWCA Safety Certified Technician,Null
158,83,Job,IWCA Safety Certified Technician,Null
189,83,Job,IWCA Safety Certified Technician,Null
240,83,Job,IWCA Safety Certified Technician,Null
258,83,Job,IWCA Safety Certified Technician,Null
259,83,Job,IWCA Safety Certified Technician,Null
276,83,Job,IWCA Safety Certified Technician,Null
297,83,Job,IWCA Safety Certified Technician,Null
54,84,Job,IWCA Certified Water-Fed Operator,Null
80,84,Job,IWCA Certified Water-Fed Operator,Null
129,84,Job,IWCA Certified Water-Fed Operator,Null
158,84,Job,IWCA Certified Water-Fed Operator,Null
189,84,Job,IWCA Certified Water-Fed Operator,Null
240,84,Job,IWCA Certified Water-Fed Operator,Null
258,84,Job,IWCA Certified Water-Fed Operator,Null
259,84,Job,IWCA Certified Water-Fed Operator,Null
276,84,Job,IWCA Certified Water-Fed Operator,Null
54,85,Job, IWCA Certified Rope Descent Technician,Null
158,85,Job, IWCA Certified Rope Descent Technician,Null
189,85,Job, IWCA Certified Rope Descent Technician,Null
240,85,Job, IWCA Certified Rope Descent Technician,Null
258,85,Job, IWCA Certified Rope Descent Technician,Null
259,85,Job, IWCA Certified Rope Descent Technician,Null
276,85,Job, IWCA Certified Rope Descent Technician,Null
88,86,Job,HVAC Excellence Certification,Null
95,86,Job,HVAC Excellence Certification,Null
125,86,Job,HVAC Excellence Certification,Null
133,86,Job,HVAC Excellence Certification,Null
164,86,Job,HVAC Excellence Certification,Null
185,86,Job,HVAC Excellence Certification,Null
214,86,Job,HVAC Excellence Certification,Null
88,87,Job,North American Technician Excellence (NATE) Certification,Null
95,87,Job,North American Technician Excellence (NATE) Certification,Null
125,87,Job,North American Technician Excellence (NATE) Certification,Null
133,87,Job,North American Technician Excellence (NATE) Certification,Null
164,87,Job,North American Technician Excellence (NATE) Certification,Null
185,87,Job,North American Technician Excellence (NATE) Certification,Null
214,87,Job,North American Technician Excellence (NATE) Certification,Null
95,88,Job,Environmental Protection Agency (EPA) 608 Certification,Null
100,88,Job,Environmental Protection Agency (EPA) 608 Certification,Null
125,88,Job,Environmental Protection Agency (EPA) 608 Certification,Null
133,88,Job,Environmental Protection Agency (EPA) 608 Certification,Null
164,88,Job,Environmental Protection Agency (EPA) 608 Certification,Null
185,88,Job,Environmental Protection Agency (EPA) 608 Certification,Null
214,88,Job,Environmental Protection Agency (EPA) 608 Certification,Null
272,88,Job,Environmental Protection Agency (EPA) 608 Certification,Null
294,88,Job,Environmental Protection Agency (EPA) 608 Certification,Null
88,89,Job,Universal R-410A Certification,Null
95,89,Job,Universal R-410A Certification,Null
100,89,Job,Universal R-410A Certification,Null
125,89,Job,Universal R-410A Certification,Null
133,89,Job,Universal R-410A Certification,Null
152,89,Job,Universal R-410A Certification,Null
164,89,Job,Universal R-410A Certification,Null
185,89,Job,Universal R-410A Certification,Null
214,89,Job,Universal R-410A Certification,Null
272,89,Job,Universal R-410A Certification,Null
294,89,Job,Universal R-410A Certification,Null
88,90,Job,HVAC/R Certification,Null
95,90,Job,HVAC/R Certification,Null
100,90,Job,HVAC/R Certification,Null
125,90,Job,HVAC/R Certification,Null
133,90,Job,HVAC/R Certification,Null
152,90,Job,HVAC/R Certification,Null
164,90,Job,HVAC/R Certification,Null
185,90,Job,HVAC/R Certification,Null
214,90,Job,HVAC/R Certification,Null
272,90,Job,HVAC/R Certification,Null
294,90,Job,HVAC/R Certification,Null
88,91,Job,Sheet Metal Certification (SMC),Null
95,91,Job,Sheet Metal Certification (SMC),Null
100,91,Job,Sheet Metal Certification (SMC),Null
125,91,Job,Sheet Metal Certification (SMC),Null
133,91,Job,Sheet Metal Certification (SMC),Null
164,91,Job,Sheet Metal Certification (SMC),Null
185,91,Job,Sheet Metal Certification (SMC),Null
214,91,Job,Sheet Metal Certification (SMC),Null
88,92,Job,National Inspection Testing and Certification (NITC),Null
95,92,Job,National Inspection Testing and Certification (NITC),Null
100,92,Job,National Inspection Testing and Certification (NITC),Null
125,92,Job,National Inspection Testing and Certification (NITC),Null
133,92,Job,National Inspection Testing and Certification (NITC),Null
164,92,Job,National Inspection Testing and Certification (NITC),Null
185,92,Job,National Inspection Testing and Certification (NITC),Null
214,92,Job,National Inspection Testing and Certification (NITC),Null
3,93,Job,Certified Alarm Technician (CAT) Level I,Null
37,93,Job,Certified Alarm Technician (CAT) Level I,Null
46,93,Job,Certified Alarm Technician (CAT) Level I,Null
84,93,Job,Certified Alarm Technician (CAT) Level I,Null
144,93,Job,Certified Alarm Technician (CAT) Level I,Null
145,93,Job,Certified Alarm Technician (CAT) Level I,Null
150,93,Job,Certified Alarm Technician (CAT) Level I,Null
212,93,Job,Certified Alarm Technician (CAT) Level I,Null
249,93,Job,Certified Alarm Technician (CAT) Level I,Null
3,94,Job,Certified Alarm Technician (CAT) Level II,Null
46,94,Job,Certified Alarm Technician (CAT) Level II,Null
84,94,Job,Certified Alarm Technician (CAT) Level II,Null
144,94,Job,Certified Alarm Technician (CAT) Level II,Null
145,94,Job,Certified Alarm Technician (CAT) Level II,Null
212,94,Job,Certified Alarm Technician (CAT) Level II,Null
249,94,Job,Certified Alarm Technician (CAT) Level II,Null
52,95,Job,Certified Fire Alarm Technician (CFAT),Null
84,95,Job,Certified Fire Alarm Technician (CFAT),Null
134,95,Job,Certified Fire Alarm Technician (CFAT),Null
144,95,Job,Certified Fire Alarm Technician (CFAT),Null
52,96,Job,Certified Fire Alarm Designer (CFAD),Null
84,96,Job,Certified Fire Alarm Designer (CFAD),Null
134,96,Job,Certified Fire Alarm Designer (CFAD),Null
144,96,Job,Certified Fire Alarm Designer (CFAD),Null
46,97,Job,Certified Intrusion Technician (CIT),Null
84,97,Job,Certified Intrusion Technician (CIT),Null
144,97,Job,Certified Intrusion Technician (CIT),Null
145,97,Job,Certified Intrusion Technician (CIT),Null
212,97,Job,Certified Intrusion Technician (CIT),Null
249,97,Job,Certified Intrusion Technician (CIT),Null
3,98,Job,Certified Residential Fire Alarm Inspector (CRFAI),Null
46,98,Job,Certified Residential Fire Alarm Inspector (CRFAI),Null
84,98,Job,Certified Residential Fire Alarm Inspector (CRFAI),Null
144,98,Job,Certified Residential Fire Alarm Inspector (CRFAI),Null
145,98,Job,Certified Residential Fire Alarm Inspector (CRFAI),Null
3,99,Job,Certified Security Sales (CSS),Null
37,99,Job,Certified Security Sales (CSS),Null
84,99,Job,Certified Security Sales (CSS),Null
144,99,Job,Certified Security Sales (CSS),Null
145,99,Job,Certified Security Sales (CSS),Null
212,99,Job,Certified Security Sales (CSS),Null
249,99,Job,Certified Security Sales (CSS),Null
3,100,Job,Certified Security Systems Integrator (CSSI),Null
46,100,Job,Certified Security Systems Integrator (CSSI),Null
84,100,Job,Certified Security Systems Integrator (CSSI),Null
144,100,Job,Certified Security Systems Integrator (CSSI),Null
145,100,Job,Certified Security Systems Integrator (CSSI),Null
3,101,Job,Certified Service Technician (CST),Null
46,101,Job,Certified Service Technician (CST),Null
84,101,Job,Certified Service Technician (CST),Null
144,101,Job,Certified Service Technician (CST),Null
145,101,Job,Certified Service Technician (CST),Null
212,101,Job,Certified Service Technician (CST),Null
249,101,Job,Certified Service Technician (CST),Null
3,102,Job,Certified Systems Integrator (CSI),Null
46,102,Job,Certified Systems Integrator (CSI),Null
84,102,Job,Certified Systems Integrator (CSI),Null
144,102,Job,Certified Systems Integrator (CSI),Null
145,102,Job,Certified Systems Integrator (CSI),Null
212,102,Job,Certified Systems Integrator (CSI),Null
3,103,Job,Certified Video Technician (CVT),Null
37,103,Job,Certified Video Technician (CVT),Null
46,103,Job,Certified Video Technician (CVT),Null
84,103,Job,Certified Video Technician (CVT),Null
144,103,Job,Certified Video Technician (CVT),Null
145,103,Job,Certified Video Technician (CVT),Null
212,103,Job,Certified Video Technician (CVT),Null
249,103,Job,Certified Video Technician (CVT),Null
3,104,Job,Certified Security Project Manager (CSPM),Null
84,104,Job,Certified Security Project Manager (CSPM),Null
144,104,Job,Certified Security Project Manager (CSPM),Null
3,105,Job,Associate Protection Professional (APP),Null
46,105,Job,Associate Protection Professional (APP),Null
84,105,Job,Associate Protection Professional (APP),Null
144,105,Job,Associate Protection Professional (APP),Null
145,105,Job,Associate Protection Professional (APP),Null
212,105,Job,Associate Protection Professional (APP),Null
249,105,Job,Associate Protection Professional (APP),Null
3,106,Job,Certified Protection Professional (CPP),Null
46,106,Job,Certified Protection Professional (CPP),Null
84,106,Job,Certified Protection Professional (CPP),Null
144,106,Job,Certified Protection Professional (CPP),Null
145,106,Job,Certified Protection Professional (CPP),Null
212,106,Job,Certified Protection Professional (CPP),Null
249,106,Job,Certified Protection Professional (CPP),Null
3,107,Job,Physical Security Professional (PSP),Null
46,107,Job,Physical Security Professional (PSP),Null
84,107,Job,Physical Security Professional (PSP),Null
144,107,Job,Physical Security Professional (PSP),Null
145,107,Job,Physical Security Professional (PSP),Null
84,108,Job,Professional Certified Investigator (PCI),Null
144,108,Job,Professional Certified Investigator (PCI),Null
83,109,Job,National Association of Floor Covering Technicians (NAFCT),Null
127,109,Job,National Association of Floor Covering Technicians (NAFCT),Null
138,109,Job,National Association of Floor Covering Technicians (NAFCT),Null
227,109,Job,National Association of Floor Covering Technicians (NAFCT),Null
283,109,Job,National Association of Floor Covering Technicians (NAFCT),Null
285,109,Job,National Association of Floor Covering Technicians (NAFCT),Null
28,110,Job,Floor Technician Certifications,Null
83,110,Job,Floor Technician Certifications,Null
90,110,Job,Floor Technician Certifications,Null
127,110,Job,Floor Technician Certifications,Null
138,110,Job,Floor Technician Certifications,Null
227,110,Job,Floor Technician Certifications,Null
251,110,Job,Floor Technician Certifications,Null
285,110,Job,Floor Technician Certifications,Null
83,111,Job,Flooring Industry Certification,Null
127,111,Job,Flooring Industry Certification,Null
227,111,Job,Flooring Industry Certification,Null
251,111,Job,Flooring Industry Certification,Null
283,111,Job,Flooring Industry Certification,Null
285,111,Job,Flooring Industry Certification,Null
83,112,Job,Best Floor Technician Certifications,Null
127,112,Job,Best Floor Technician Certifications,Null
138,112,Job,Best Floor Technician Certifications,Null
227,112,Job,Best Floor Technician Certifications,Null
251,112,Job,Best Floor Technician Certifications,Null
283,112,Job,Best Floor Technician Certifications,Null
28,113,Job,Floor Care Technician (FCT),Null
83,113,Job,Floor Care Technician (FCT),Null
90,113,Job,Floor Care Technician (FCT),Null
111,113,Job,Floor Care Technician (FCT),Null
127,113,Job,Floor Care Technician (FCT),Null
138,113,Job,Floor Care Technician (FCT),Null
200,113,Job,Floor Care Technician (FCT),Null
227,113,Job,Floor Care Technician (FCT),Null
251,113,Job,Floor Care Technician (FCT),Null
283,113,Job,Floor Care Technician (FCT),Null
285,113,Job,Floor Care Technician (FCT),Null
14,114,Job,Furniture Restoration Training,Null
15,114,Job,Furniture Restoration Training,Null
61,114,Job,Furniture Restoration Training,Null
109,114,Job,Furniture Restoration Training,Null
137,114,Job,Furniture Restoration Training,Null
186,114,Job,Furniture Restoration Training,Null
192,114,Job,Furniture Restoration Training,Null
198,114,Job,Furniture Restoration Training,Null
201,114,Job,Furniture Restoration Training,Null
4,115,Job,General Pest Control Certifications,Null
26,115,Job,General Pest Control Certifications,Null
27,115,Job,General Pest Control Certifications,Null
42,115,Job,General Pest Control Certifications,Null
86,115,Job,General Pest Control Certifications,Null
104,115,Job,General Pest Control Certifications,Null
128,115,Job,General Pest Control Certifications,Null
238,115,Job,General Pest Control Certifications,Null
243,115,Job,General Pest Control Certifications,Null
4,116,Job,Structural Pest Management,Null
26,116,Job,Structural Pest Management,Null
42,116,Job,Structural Pest Management,Null
104,116,Job,Structural Pest Management,Null
128,116,Job,Structural Pest Management,Null
4,117,Job,Agricultural Pest Management,Null
42,117,Job,Agricultural Pest Management,Null
86,117,Job,Agricultural Pest Management,Null
104,117,Job,Agricultural Pest Management,Null
238,117,Job,Agricultural Pest Management,Null
74,118,Job,Certified Accessibility and Private Residence Lift Technician (CAT) Program,Null
110,118,Job,Certified Accessibility and Private Residence Lift Technician (CAT) Program,Null
113,118,Job,Certified Accessibility and Private Residence Lift Technician (CAT) Program,Null
167,118,Job,Certified Accessibility and Private Residence Lift Technician (CAT) Program,Null
204,118,Job,Certified Accessibility and Private Residence Lift Technician (CAT) Program,Null
273,118,Job,Certified Accessibility and Private Residence Lift Technician (CAT) Program,Null
278,118,Job,Certified Accessibility and Private Residence Lift Technician (CAT) Program,Null
282,118,Job,Certified Accessibility and Private Residence Lift Technician (CAT) Program,Null
24,119,Job,ALOA Certifications,Null
58,119,Job,ALOA Certifications,Null
75,119,Job,ALOA Certifications,Null
103,119,Job,ALOA Certifications,Null
157,119,Job,ALOA Certifications,Null
174,119,Job,ALOA Certifications,Null
177,119,Job,ALOA Certifications,Null
179,119,Job,ALOA Certifications,Null
279,119,Job,ALOA Certifications,Null
